{
  "upper_canada": {
    "d": "M955.699,137.61L1026.903,218.997L1011.047,289.767L962.769,296.684L914.057,302.81L879.981,294.817L845.538,267.468L826.981,264.262L808.395,260.907L805.606,206.94L843.544,158.133L888.118,53.19Z",
    "centroid": {
      "x": 913.6791823871027,
      "y": 205.68947589306327
    },
    "labelPosition": {
      "x": 921.6526458989695,
      "y": 220.69688749301986
    },
    "troopPosition": {
      "x": 896.6526458989695,
      "y": 255.69688749301986
    },
    "pointsPosition": {
      "x": 956.6526458989695,
      "y": 195.69688749301986
    }
  },
  "montreal": {
    "d": "M1026.903,218.997L1101.594,297.197L1112.627,363.799L1055.002,363.399L1011.196,347.664L986.989,351.49L977.171,341.268L962.769,296.684L1011.047,289.767Z",
    "centroid": {
      "x": 1043.2866089723996,
      "y": 309.76453803281714
    },
    "labelPosition": {
      "x": 1038.7898700977594,
      "y": 301.4688747048158
    },
    "troopPosition": {
      "x": 1013.7898700977594,
      "y": 336.4688747048158
    },
    "pointsPosition": {
      "x": 1073.7898700977594,
      "y": 276.4688747048158
    }
  },
  "lake_ontario": {
    "d": "M914.057,302.81L977.171,341.268L962.67,355.118L912.692,342.969L884.27,329.745L858.914,313.452L879.981,294.817Z",
    "centroid": {
      "x": 916.5153181880235,
      "y": 325.1232726423332
    },
    "labelPosition": {
      "x": 908.8514668546616,
      "y": 326.9207009426282
    },
    "troopPosition": {
      "x": 883.8514668546616,
      "y": 361.9207009426282
    },
    "pointsPosition": {
      "x": 943.8514668546616,
      "y": 301.9207009426282
    }
  },
  "niagara": {
    "d": "M879.981,294.817L858.914,313.452L840.228,310.474L814.995,293.606L817.775,272.052L826.981,264.262L845.538,267.468Z",
    "centroid": {
      "x": 843.9038774315725,
      "y": 289.4305661815802
    },
    "labelPosition": {
      "x": 839.7590732576214,
      "y": 291.5577478333016
    },
    "troopPosition": {
      "x": 814.7590732576214,
      "y": 326.5577478333016
    },
    "pointsPosition": {
      "x": 874.7590732576214,
      "y": 266.5577478333016
    }
  },
  "lake_erie": {
    "d": "M808.395,260.907L826.981,264.262L817.775,272.052L814.995,293.606L796.283,290.243L768.085,275.364L746.226,274.148L708.769,246.886L709.041,227.699L734.024,226.894L777.369,248.654Z",
    "centroid": {
      "x": 764.0629019667574,
      "y": 258.9245636055401
    },
    "labelPosition": {
      "x": 765.5472952262348,
      "y": 265.96390654706556
    },
    "troopPosition": {
      "x": 740.5472952262348,
      "y": 300.96390654706556
    },
    "pointsPosition": {
      "x": 800.5472952262348,
      "y": 240.96390654706556
    }
  },
  "detroit": {
    "d": "M805.606,206.94L808.395,260.907L777.369,248.654L734.024,226.894L709.041,227.699L697.227,199.278L713.919,168.049L752.382,138.945L792.962,126.013L843.544,158.133Z",
    "centroid": {
      "x": 769.5839178716498,
      "y": 188.45410629666577
    },
    "labelPosition": {
      "x": 747.0685242942163,
      "y": 197.93233440883887
    },
    "troopPosition": {
      "x": 722.0685242942163,
      "y": 232.93233440883887
    },
    "pointsPosition": {
      "x": 782.0685242942163,
      "y": 172.93233440883887
    }
  },
  "fort_dearborn": {
    "d": "M792.962,126.013L752.382,138.945L713.919,168.049L697.227,199.278L672.88,180.448L619.277,127.263L652.16,104.035L701.415,69.243L758.696,46L791.899,91.408Z",
    "centroid": {
      "x": 712.6748256158778,
      "y": 117.57316797525147
    },
    "labelPosition": {
      "x": 710.3980239788962,
      "y": 116.15957136099678
    },
    "troopPosition": {
      "x": 685.3980239788962,
      "y": 151.15957136099678
    },
    "pointsPosition": {
      "x": 745.3980239788962,
      "y": 91.15957136099678
    }
  },
  "new_york": {
    "d": "M962.67,355.118L977.171,341.268L986.989,351.49L1002.577,395.997L959.92,438.561L917.183,481.204L846.301,466.267L840.197,430.47L849.49,381.189L869.36,343.227L884.27,329.745L912.692,342.969Z",
    "centroid": {
      "x": 913.0747838658019,
      "y": 404.8621931139242
    },
    "labelPosition": {
      "x": 913.2758689333398,
      "y": 402.296520844061
    },
    "troopPosition": {
      "x": 888.2758689333398,
      "y": 437.296520844061
    },
    "pointsPosition": {
      "x": 948.2758689333398,
      "y": 377.296520844061
    }
  },
  "baltimore": {
    "d": "M840.197,430.47L846.301,466.267L815.351,474.649L785.558,460.476L775.149,449.152L773.771,429.661L794.696,410.74L819.765,408.364Z",
    "centroid": {
      "x": 810.4576521936966,
      "y": 441.705407833348
    },
    "labelPosition": {
      "x": 806.2772818577255,
      "y": 441.3258474326017
    },
    "troopPosition": {
      "x": 781.2772818577255,
      "y": 476.3258474326017
    },
    "pointsPosition": {
      "x": 841.2772818577255,
      "y": 416.3258474326017
    }
  },
  "washington_dc": {
    "d": "M773.771,429.661L775.149,449.152L749.853,451.288L724.472,453.204L707.913,434.525L718.966,416.563L744.294,414.841L794.696,410.74Z",
    "centroid": {
      "x": 747.1111224529127,
      "y": 431.76527824840315
    },
    "labelPosition": {
      "x": 745.5030609231635,
      "y": 434.3954765694202
    },
    "troopPosition": {
      "x": 720.5030609231635,
      "y": 469.3954765694202
    },
    "pointsPosition": {
      "x": 780.5030609231635,
      "y": 409.3954765694202
    }
  },
  "bladensburg": {
    "d": "M775.149,449.152L785.558,460.476L781.304,485.503L755.958,487.835L730.528,489.945L734.905,464.805L749.853,451.288Z",
    "centroid": {
      "x": 758.9088920466304,
      "y": 470.3334807772245
    },
    "labelPosition": {
      "x": 758.522359561669,
      "y": 472.7717345022975
    },
    "troopPosition": {
      "x": 733.522359561669,
      "y": 507.7717345022975
    },
    "pointsPosition": {
      "x": 793.522359561669,
      "y": 447.7717345022975
    }
  },
  "chesapeake_bay": {
    "d": "M755.958,487.835L781.304,485.503L785.558,460.476L815.351,474.649L846.301,466.267L852.945,502.156L824.103,530.313L758.867,549.778L722.42,540.528L726.365,515.187L730.528,489.945Z",
    "centroid": {
      "x": 786.9623641353982,
      "y": 507.8363804487003
    },
    "labelPosition": {
      "x": 783.7021494717228,
      "y": 517.4268624670408
    },
    "troopPosition": {
      "x": 758.7021494717228,
      "y": 552.4268624670408
    },
    "pointsPosition": {
      "x": 818.7021494717228,
      "y": 492.4268624670408
    }
  },
  "virginia": {
    "d": "M718.966,416.563L707.913,434.525L724.472,453.204L730.528,489.945L726.365,515.187L722.42,540.528L685.931,530.715L643.156,482.887L616.877,421.212L647.771,395.353Z",
    "centroid": {
      "x": 680.1274163748109,
      "y": 462.88141812101753
    },
    "labelPosition": {
      "x": 673.4697938314907,
      "y": 456.3667923371863
    },
    "troopPosition": {
      "x": 648.4697938314907,
      "y": 491.3667923371863
    },
    "pointsPosition": {
      "x": 708.4697938314907,
      "y": 431.3667923371863
    }
  },
  "carolina": {
    "d": "M643.156,482.887L685.931,530.715L652.467,583.49L563.423,574.833L504.408,537.273L472.146,498.514L503.19,473.101L549.837,434.915Z",
    "centroid": {
      "x": 581.4332061138753,
      "y": 515.3947623374141
    },
    "labelPosition": {
      "x": 586.9880022967136,
      "y": 510.27546864721444
    },
    "troopPosition": {
      "x": 561.9880022967136,
      "y": 545.2754686472144
    },
    "pointsPosition": {
      "x": 621.9880022967136,
      "y": 485.27546864721444
    }
  },
  "creek_nation": {
    "d": "M549.837,434.915L503.19,473.101L472.146,498.514L504.408,537.273L441.154,523.884L377.777,508.902L325.184,440.566L353.098,377.424L401.655,341.918L453.557,344.528L489.282,358.418Z",
    "centroid": {
      "x": 432.5239638854846,
      "y": 432.59616378549595
    },
    "labelPosition": {
      "x": 419.8004605580095,
      "y": 432.7586871697172
    },
    "troopPosition": {
      "x": 394.8004605580095,
      "y": 467.7586871697172
    },